picture,cluster
050223-met-gala-margot-robbie-social-e4036bde2a424226b660378778f6c497_jpg.jpg,Margot-Robbie
13449ba30e0c1354b35adfc17caa0789_jpg.jpg,Elizabeth-Olsen
14768729524369_jpg.jpg,Tom-Cruise
15784386035e150fcb9ec3a_1578438603_3x2_md_jpg.jpg,Margot-Robbie
2035299_jpg.jpg,Tom-Cruise
267c5ff69e181676471d4a575b932047_jpg.jpg,Elizabeth-Olsen
2_JPG.jpg,Tom-Cruise
30148188-b_30NAMA_jpg.jpg,mark_ruffalo
309_ico_jpg.jpg,Tom-Cruise
3401b03582044a3d5668069adc823cdecbbbfd16_jpg.jpg,Akshay-Kumar
3cfa6e41d376e56d3a401739d3a4faf1_jpg.jpg,mark_ruffalo
43389_v9_bc_jpg.jpg,mark_ruffalo
434b02ad12421539_jpg.jpg,Margot-Robbie
4fb71110-c0b9-11ed-8837-0210609a3fe2_jpg.jpg,Margot-Robbie
6427_jpg.jpg,Natalie-Portman
65387841_jpg.jpg,Akshay-Kumar
66656_jpg.jpg,Andy-Samberg
759c27a3ed0ced51156e4ecdd772487f_jpg.jpg,Akshay-Kumar
87111-9_jpg.jpg,mark_ruffalo
910c5bd2806282b1b9f78d9f42df91b5_jpg.jpg,Margot-Robbie
a2d415a2-bb4e-4e27-87e3-31130445403a_16x9_1200x676_jpg.jpg,Brad-Pitt
Akshay-Kumar_15_jpg.jpg,Akshay-Kumar
Akshay-Kumar_23_jpg.jpg,Akshay-Kumar
Akshay-Kumar_27_jpg.jpg,Akshay-Kumar
Akshay-Kumar_33_jpg.jpg,Akshay-Kumar
akshaykumarbday-1631178826-1646841784_jpg.jpg,Akshay-Kumar
Akshay_Kumar_jpg.jpg,Akshay-Kumar
andy-samberg-4_jpg.jpg,Andy-Samberg
Andy-Samberg_13_jpg.jpg,Andy-Samberg
Andy-Samberg_28_jpg.jpg,Andy-Samberg
Andy-Samberg_46_jpg.jpg,Andy-Samberg
Andy-Samberg_56_jpg.jpg,Andy-Samberg
Andy-Samberg_69_jpg.jpg,Andy-Samberg
Andy-Samberg_6_jpg.jpg,Andy-Samberg
Andy-Samberg_72_jpg.jpg,Andy-Samberg
Andy-Samberg_80_jpg.jpg,Andy-Samberg
Andy-Samberg_82_jpg.jpg,Andy-Samberg
Andy-Samberg_88_jpg.jpg,Andy-Samberg
Andy-Samberg_8_jpg.jpg,Andy-Samberg
ANI-20230620054803_jpg.jpg,Tom-Cruise
b9d494b3d7e68253bc95e21badf0dfa2-1-_jpg.jpg,Elizabeth-Olsen
ba631c4d-47d1-4741-8ef5-3b0feed4f43a_f750x750_jpg.jpg,Natalie-Portman
Brad-Pitt_109_jpg.jpg,Brad-Pitt
Brad-Pitt_111_jpg.jpg,Brad-Pitt
Brad-Pitt_58_jpg.jpg,Brad-Pitt
Brad-Pitt_76_jpg.jpg,Brad-Pitt
Brad-Pitt_79_jpg.jpg,Brad-Pitt
Brad-Pitt_85_jpg.jpg,Brad-Pitt
Brad-Pitt_87_jpg.jpg,Brad-Pitt
Brad-Pitt_90_jpg.jpg,Brad-Pitt
Brad-Pitt_96_jpg.jpg,Brad-Pitt
Brad-Pitt_99_jpg.jpg,Brad-Pitt
c86286e8e84a3ab39a1542f518cdfe29_jpg.jpg,Elizabeth-Olsen
d3c334ed41e2b02bed03b6a96551076b_jpg.jpg,Elizabeth-Olsen
Dby-VKyXcAAyHnG_jpg.jpg,Henry-Cavill
download_jpg.jpg,Natalie-Portman
e8f08c3125e50d425e75b03ce1760f1e_jpg.jpg,Tom-Cruise
EA7f1bGXUAE2YON_jpg.jpg,Margot-Robbie
ef1bf74c-ccb3-4d61-a371-9c6c7434476b_PORTnatalie-rex_jpg.jpg,Natalie-Portman
elizabeth-olsen-makeup-and-hair_red-carpet-tiff-2015jpg_jpg.jpg,Elizabeth-Olsen
Elizabeth-Olsen_22_jpg.jpg,Elizabeth-Olsen
Elizabeth-Olsen_25_jpg.jpg,Elizabeth-Olsen
Elizabeth-Olsen_45_jpg.jpg,Elizabeth-Olsen
Elizabeth-Olsen_50_jpg.jpg,Elizabeth-Olsen
Elizabeth-Olsen_52_jpg.jpg,Elizabeth-Olsen
Elizabeth-Olsen_58_jpg.jpg,Elizabeth-Olsen
Elizabeth-Olsen_63_jpg.jpg,Elizabeth-Olsen
Elizabeth-Olsen_jpg.jpg,Elizabeth-Olsen
EtghkZbWgAIw0SQ_png.jpg,Brad-Pitt
f8bfe760582977777d625bb710d11ef2_jpg.jpg,Tom-Cruise
filmografiya-roberta-dauni-mladshego-rost-roberta-dauni-mladshego-biografiya-i-zhizn_5_jpg.jpg,Robert-Downey
gettyimages-1673397009_jpg.jpg,Margot-Robbie
Henry-Cavill_13_jpg.jpg,Henry-Cavill
Henry-Cavill_1_jpg.jpg,Henry-Cavill
Henry-Cavill_24_jpg.jpg,Henry-Cavill
Henry-Cavill_38_jpg.jpg,Henry-Cavill
Henry-Cavill_3_jpg.jpg,Henry-Cavill
Henry-Cavill_43_jpg.jpg,Henry-Cavill
Henry-Cavill_80_jpg.jpg,Henry-Cavill
Henry-Cavill_89_jpg.jpg,Henry-Cavill
Henry_Cavill_12_jpg.jpg,Henry-Cavill
Henry_Cavill_14_jpg.jpg,Henry-Cavill
Henry_Cavill_by_Gage_Skidmore_jpg.jpg,Henry-Cavill
Hugh-Jackman_100_jpg.jpg,Hugh-Jackman
Hugh-Jackman_109_jpg.jpg,Hugh-Jackman
Hugh-Jackman_110_jpg.jpg,Hugh-Jackman
Hugh-Jackman_11_jpg.jpg,Hugh-Jackman
Hugh-Jackman_40_jpg.jpg,Hugh-Jackman
Hugh-Jackman_45_jpg.jpg,Hugh-Jackman
Hugh-Jackman_57_jpg.jpg,Hugh-Jackman
Hugh-Jackman_6_jpg.jpg,Hugh-Jackman
Hugh-Jackman_71_jpg.jpg,Hugh-Jackman
Hugh-Jackman_77_jpg.jpg,Hugh-Jackman
Hugh-Jackman_80_jpg.jpg,Hugh-Jackman
Hugh-Jackman_84_jpg.jpg,Hugh-Jackman
Hugh-Jackman_9_jpg.jpg,Hugh-Jackman
Hugh_Jackman_-8302902601-_jpg.jpg,Hugh-Jackman
intro-1614016362_jpg.jpg,Priyanka-Chopra
intro-1614448753_jpg.jpg,Tom-Cruise
intro-1650389571_jpg.jpg,Natalie-Portman
intro-1655991902_jpg.jpg,Unknown
l-intro-1624471550_jpg.jpg,Andy-Samberg
main-qimg-aefa4ccc2c0908ec33601f2bd903505d-lq_jpg.jpg,Brad-Pitt
margot-robbie-3_jpg.jpg,Margot-Robbie
margot-robbie-at-the-bombshell-press-conference-at-the-four-news-photo-1656778706_jpg.jpg,Margot-Robbie
margot-robbie-entrevista-tv_jpg.jpg,Margot-Robbie
margot-robbie-loves-and-hookups_jpg.jpg,Margot-Robbie
MARGOT-ROBBIE-Photo_jpg.jpg,Margot-Robbie
margot-robbie-sag-awards-2019-portraits-18_thumbnail_jpg.jpg,Margot-Robbie
Margot-Robbie_27_jpg.jpg,Margot-Robbie
Margot-Robbie_35_jpg.jpg,Margot-Robbie
Margot-Robbie_40_jpg.jpg,Margot-Robbie
margot10_jpg.jpg,Margot-Robbie
Mark-Alan-Ruffalo_jpg.jpg,mark_ruffalo
mark_ruffalo18_png_jpg.jpg,mark_ruffalo
mark_ruffalo34_png_jpg.jpg,mark_ruffalo
mark_ruffalo44_png_jpg.jpg,mark_ruffalo
mark_ruffalo60_png_jpg.jpg,mark_ruffalo
media-83154cd76ece41b7bb813ead43ef718fColumbiaPlaneCrash_jpg.jpg,Tom-Cruise
Natalie-Portman_13_jpg.jpg,Natalie-Portman
Natalie-Portman_17_jpg.jpg,Natalie-Portman
Natalie-Portman_28_jpg.jpg,Natalie-Portman
Natalie-Portman_44_jpg.jpg,Natalie-Portman
Natalie-Portman_52_jpg.jpg,Natalie-Portman
Natalie-Portman_5_jpg.jpg,Natalie-Portman
Natalie-Portman_6_jpg.jpg,Natalie-Portman
Natalie-Portman_71_jpg.jpg,Natalie-Portman
Natalie-Portman_73_jpg.jpg,Natalie-Portman
Natalie-Portman_80_jpg.jpg,Natalie-Portman
Natalie-Portman_99_jpg.jpg,Natalie-Portman
Natalie-Portman_jpg.jpg,Natalie-Portman
Natalie_Portman_jpg.jpg,Natalie-Portman
p03zg94j_jpg.jpg,Priyanka-Chopra
Por-que-el-Instagram-de-Priyanka-Chopra-esta-generando-preocupaciones_jpg.jpg,Priyanka-Chopra
priyanka-chopra-discusses-quantico-with-the-build-series-at-news-photo-951562696-1559810425_jpg.jpg,Priyanka-Chopra
priyanka-chopra-jonas-1619664841_jpg.jpg,Priyanka-Chopra
Priyanka-Chopra_0_jpg.jpg,Priyanka-Chopra
Priyanka-Chopra_12_jpg.jpg,Priyanka-Chopra
Priyanka-Chopra_1_jpg.jpg,Priyanka-Chopra
Priyanka-Chopra_3_jpg.jpg,Priyanka-Chopra
Priyanka-Chopra_5_jpg.jpg,Priyanka-Chopra
Priyanka-Chopra_75_jpg.jpg,Priyanka-Chopra
Priyanka-Chopra_79_jpg.jpg,Priyanka-Chopra
Priyanka-Chopra_7_jpg.jpg,Priyanka-Chopra
Priyanka-Chopra_81_jpg.jpg,Priyanka-Chopra
Priyanka-Chopra_98_jpg.jpg,Priyanka-Chopra
Robert-Downey-Jr_10_jpg.jpg,Robert-Downey
Robert-Downey-Jr_19_jpg.jpg,Robert-Downey
Robert-Downey-Jr_1_jpg.jpg,Robert-Downey
Robert-Downey-Jr_41_jpg.jpg,Robert-Downey
Robert-Downey-Jr_56_jpg.jpg,Robert-Downey
Robert-Downey-Jr_72_jpg.jpg,Robert-Downey
Robert-Downey-Jr_76_jpg.jpg,Robert-Downey
Robert-Downey-Jr_83_jpg.jpg,Robert-Downey
Robert-Downey-Jr_85_jpg.jpg,Robert-Downey
Robert-Downey-Jr_99_jpg.jpg,Robert-Downey
Robert_Downey_Jr_avp_Iron_Man_3_Paris_jpg.jpg,Robert-Downey
Round-Glass_jpg.jpg,Robert-Downey
Shutterstock_13021396h_jpg.jpg,Natalie-Portman
square-1455813161-elle-henrycavill_jpg.jpg,Henry-Cavill
TFkPq-1-_jpg.jpg,mark_ruffalo
The-Hollywood-Insider-Tom-Cruise-Tribute-1-_jpg.jpg,Tom-Cruise
tom-cruise-cake-list_jpg.jpg,Tom-Cruise
tom-cruise-film-da-vedere_jpg.jpg,Tom-Cruise
Tom-Cruise_19_jpg.jpg,Tom-Cruise
Tom-Cruise_30_jpg.jpg,Tom-Cruise
Tom-Cruise_33_jpg.jpg,Tom-Cruise
Tom-Cruise_36_jpg.jpg,Tom-Cruise
Tom-Cruise_37_jpg.jpg,Tom-Cruise
Tom-Cruise_40_jpg.jpg,Tom-Cruise
Tom-Cruise_8_jpg.jpg,Tom-Cruise
zac-efron-talks-very-uncomfortable-iron-claw-moment_jpg.jpg,Zac-Efron
Zac-Efron_12_jpg.jpg,Zac-Efron
Zac-Efron_21_jpg.jpg,Zac-Efron
Zac-Efron_34_jpg.jpg,Zac-Efron
Zac-Efron_38_jpg.jpg,Zac-Efron
Zac-Efron_39_jpg.jpg,Zac-Efron
Zac-Efron_53_jpg.jpg,Zac-Efron
Zac-Efron_59_jpg.jpg,Zac-Efron
Zac-Efron_5_jpg.jpg,Zac-Efron
Zac-Efron_60_jpg.jpg,Zac-Efron
Zac-Efron_77_jpg.jpg,Zac-Efron
Zac-Efron_88_jpg.jpg,Zac-Efron
